Vendor_ID,Vendor_Name,Vendor_Type,Vendor_Address1,Vendor_Address2,Vendor_City,Vendor_State,Vendor_Zipcode,Vendor_Contact_Name,Vendor_StartDate
MWV00298,Ayush Traders,Candy Ingredient,123/32 Lane-4,"Main Street, Highway",Bhopal,Madhya Pradesh,464292,G.Kamal Kumar,15/06/2006
MWV00649,Keshav Traders,Candy Ingredient,Shop 47,Market Road,Indore,Madhya Pradesh,468520,Mr.Rajat Kapoor,23/08/2007
MWV00664,Super Ploy Printers,Printed Sticker Labels,"789, Cinema Square",Park AVENUE,Jabalpur,Madhya Pradesh,467939,Sri.Vijay Bansal,2010/05/11
MWV00351,Rab Enterprises,Printed Sticker Labels,"101, Keshari Talkies",Gandhi Nagar Road,Gwalior,Madhya Pradesh,461027,Pooja Gupta,2008/10/04
MWV00539,MAYUR CORPORATION,Flavour Substance,RajMahal Gali 6,4th Desert Lane,Jaipur,Rajasthan,341304,SNEHA MEHTA,28/09/2014
MWV00490,P P Enterprises,Flavour Substance,"12/34, Dukan Raod","Krishna Nagar, Near Metro Station",Lucknow,Uttar Pradesh,222287,Anjali V.Reddy,30/03/2007
MWV00930,Maa Durga Timber T,Firewood,"IQV-10, Governor Road","Palace Rd, Opp PK Jewellers",Jodhpur,Rajasthan,315214,Mr.Mohit Kishore Das,2009/12/10
MWV00797,RENU PACKAGINGS,Packing Material,"Qtr No- 50, I.R.C Village",Halwai Street,Kota,Rajasthan,326026,Priya Sharma,2015/08/07
MWV00764,Ashish Fexipack Ind,Packing Material,"Shatabdi Nagar, Lane 13",Ring Rd,Bikaner,Rajasthan,322586,Himanshu Sharma,18/12/2012
MWV00895,ROYAL PACKAGING,Packing Material,"CRP Square, N-5/50",Lal Bagh Lane,Agra,Uttar Pradesh,209701,ARYAN JOSHI,2018/03/05
MWV00588,Kamal Agency,Packing Material,"678, Priyadarshini Market",Rajiv Gandhi Street,Kanpur,Uttar Pradesh,325740,Prakash Mishra,2017/09/02
MWV00220,H.M. Shah & Company,Candy Ingredient,"71/80, Nayapalli, KIIT College Road","Hazratganj, Lane 10",Lucknow,Madhya Pradesh,487712,Ravi Sharma,22/11/2011
MWV00548,Mohit Enterprises,Candy Ingredient,Soubhagya Nagar SBI Bank Rd,"Mohammad Lane, Near JK Furnitures",Ghaziabad,Uttar Pradesh,217272,Sri.Anuj Gupta,2006/08/14
MWV00830,pack & sack Ltd,Packing Material,"VIP Store, Chowk 20","Varanasi Circle, Near IIT BHU",Varanasi,Uttar Pradesh,217498,Suresh Tiwari,2016/06/10
MWV00100,Shiv Goods,Candy Ingredient,"Jagmara Temple Street, 110 Qtr","National Bldg., Ram Chowk",Jodhpur,Rajasthan,335171,Deepak Malhotra,2009/07/01
MWV00429,Taste and Tangy,Flavour Substance,Ganesh Fort Market,"Lal Chourah, Anand Math",Udaipur,Rajasthan,328917,Rahul Choudhary,19/07/2005
MWV00376,GG Sweets Pvt. Ltd,Candy Color,"89 Plot, 11th Lane","Sharad ROAD, Leela Palace Corner",Bikaner,Rajasthan,332746,Arjun Saini,2013/02/09
MWV00884,Reema 'Chocolatewala',Candy Ingredient,Oasis Avenue,"Koregaon Park, Lane 12",Kota,Rajasthan,333719,Amit Motwani,2019/06/24
MWV00908,RAINBOW COLORS,Candy Color,"Royal Lagoon, Patia","Market Square, Shop No.36",Surat,Gujarat,373730,MR. Rajesh Kumar Singh,2010/12/05
MWV00192,Keva Sugar Traders,Candy Ingredient,"Palm Heights, 5th Field","Port Lane, 151/36 Street",Gandhinagar,Gujarat,370218,Sanjay Singhswat,2016/02/12
MWV00152,MEETHAS AGENCY Pvt. Ltd,Candy Ingredient,Marathali Road,Jamnagar Central Circle,Vadodara,Gujarat,393475,AKASH VERMA,2011/05/03
MWV00819,Katha Meetha ,Candy Ingredient,116 Whitefield Street,Near Rang Mahal,Rajkot,Gujarat,360340,SURAJ Ku. Jena,25/04/2019
MWV00222,Anju Packers Private Limited,Packing Material,"154, Varanasi Circle, Uttar Pradesh","Ghat gali, Opposite Chai Suta",Varanasi,Uttar Pradesh,231145,Vikram Mehta,2010/07/08
MWV00227,Sharma & Brothers Providers,Packing Material,"4, Gandhi Road","Tricolor Square, 15th Shop",Rajkot,Gujarat,373144,Smt. Kanchan Patil,2015/05/06
MWV00552,Ketan and Sons ,Candy Ingredient,1065 CBI Colony,Beach Road,Bhopal,Madhya Pradesh,487909,Vivek Chowdhary,2018/08/22
MWV00616,Rumi Confectionary ,Candy Ingredient,116 Studio Hall,"SHYAM LANE, Krishna Tower Circle",Kanpur,Uttar Pradesh,215863,Ekta Mehra,2022/10/30