Shipping_Company_code,Shipping_company,Company_address,Company_city,Company_state,company_zip_code,company_phone
SP00327,Fast Move Cargo,"Lane 7, Koregaon Park",Pune,Maharashtra,411014,9437081215
SP00830,Delhivery,"Lane 12, GT Road",Indore,Madhya Pradesh,468520,7659771101
SP00222,Wefast,"75, Shivaji Complex, Mitra Nagar",Bhopal,Madhya Pradesh,487909,7978665511
SP00286,Sharma Logistics,"14, Royal Park Complex",Gandhinagar,Gujarat,370218,9437680810
SP00195,Go-ship,"1489, Acropolis Nagar",Lucknow,Uttar Pradesh,467939,9437098762
SP00676,Ayush Shipping,"Halwa Gali, Near Bada Bazaar",Ujjain,Madhya Pradesh,461027,8896023488
SP00545,All Fast Packers,"116 Lane, Salt Lake ",Vadodara,Gujarat,360340,8895078972
SP00523,Rakesh Cargo,"Shop 210,Gomti Nagar, Opp Flyover",Kanpur,Uttar Pradesh,209701,9437999211
SP00621,XpressBees,"Bapuji Nagar, Market Complex",Indore,Madhya Pradesh,468520,7879382133
SP00606,Gati Limited,"Market Building, Priyadarshini Complex",Bhopal,Madhya Pradesh,468520,7871956723
SP00412,DTDC Limited,"CRP Square, 112/50 Crystal Building",Indore,Madhya Pradesh,487909,7879262011
SP00467,Blue Dart Pvt.Ltd,"Gulmohar Orchids Building, Kharadi",Bhopal,Madhya Pradesh,487909,8738886854
SP00200,Leo Logistics,"300, Lane 10, Baner",Indore,Madhya Pradesh,468520,9090811234
SP00113,Allied Packing and Shipping,"Infocity Center, Opp. Esplanade Mall",Bhopal,Madhya Pradesh,468520,9773071210
SP00980,A1 Shipping,"KIIT Road, Near Duke Paints",Indore,Madhya Pradesh,468520,9771654320
SP00955,Transworld Shipping,"Gali No -10, Samantarapur",Bhopal,Madhya Pradesh,468520,9337871650
SP00555,Om Logistics,"Old Town, Gandhi Road",Gwalior,Madhya Pradesh,487712,9335690909
SP00478,Sharma Indore Packers,"Raniganj Market, Grand Road",Bhopal,Madhya Pradesh,487712,8897621133
SP00708,Gupta Brothers Cargo,"116,Archarya Nagar, Opp Jaydev Flyover",Ahmedabad,Gujarat,373144,9432569091
SP00654,Mehta and Sons Packers,"202, Hazratganj,Besides Frosty Icecream",Lucknow,Uttar Pradesh,231145,8897600100