Inventory_number,Material_Code,Storage_Location,Quantity_in_Hand,As_of_Date
IN263,ITM00550,Malwa Manufacturing Unit,16510.46,8/26/23
IN252,ITM00550,Malwa Warehouse,12348.58,8/31/23
IN898,ITM00974,Malwa Manufacturing Unit,24203.56,8/31/23
IN871,ITM00974,Malwa Warehouse,20500.10,8/31/23
IN309,ITM00197,Malwa Manufacturing Unit,32420.18,8/19/23
IN748,ITM00726,Malwa Manufacturing Unit,26729.17,8/19/23
IN388,ITM00344,Malwa Manufacturing Unit,75001.19,8/31/23
IN470,ITM00344,Malwa Warehouse,75030.24,8/31/23
IN264,ITM00566,Malwa Manufacturing Unit,45600.32,8/26/23
IN384,ITM00566,Malwa Warehouse,38890.67,8/26/23
IN284,ITM00772,Malwa Manufacturing Unit,12344.42,8/19/23
IN746,ITM00452,Malwa Manufacturing Unit,8010.16,8/19/23
IN873,ITM00452,Malwa Warehouse,12000.15,8/19/23
IN158,ITM00668,Malwa Manufacturing Unit,34700,8/26/23
IN445,ITM00668,Malwa Warehouse,45890.89,8/26/23
IN161,ITM00453,Malwa Manufacturing Unit,54020.67,8/31/23
IN892,ITM00453,Malwa Warehouse,50100.79,8/31/23
IN296,ITM00125,Malwa Manufacturing Unit,82.14,8/26/23
IN123,ITM00569,Malwa Manufacturing Unit,11400.43,8/26/23
IN322,ITM00569,Malwa Warehouse,8900.77,8/26/23
IN348,ITM00820,Malwa Manufacturing Unit,76.34,8/19/23
IN179,ITM00820,Malwa Warehouse,53,8/19/23
IN615,ITM00859,Malwa Manufacturing Unit,11.13,8/19/23
IN321,ITM00505,Malwa Manufacturing Unit,650.26,8/26/23
IN408,ITM00505,Malwa Warehouse,810.43,8/26/23
IN457,ITM00843,Malwa Manufacturing Unit,7213.45,8/26/23
IN664,ITM00986,Malwa Manufacturing Unit,9123.87,8/26/23
IN801,ITM00650,Malwa Manufacturing Unit,5414.56,8/31/23
IN393,ITM00650,Malwa Warehouse,4710.89,8/31/23
IN885,ITM00209,Malwa Manufacturing Unit,1213.45,8/31/23
IN567,ITM00217,Malwa Manufacturing Unit,5813.17,8/26/23
IN487,ITM00389,Malwa Manufacturing Unit,4590,8/26/23
IN286,ITM00553,Malwa Manufacturing Unit,3090.89,8/31/23
IN311,ITM00553,Malwa Warehouse,4845.76,8/31/23
IN147,ITM00620,Malwa Manufacturing Unit,15.82,8/31/23
IN115,ITM00701,Malwa Manufacturing Unit,18.28,8/31/23
IN201,ITM00230,Malwa Manufacturing Unit,12.5,8/26/23
IN204,ITM00347,Malwa Manufacturing Unit,12.87,8/26/23
IN491,ITM00245,Malwa Manufacturing Unit,18.76,8/26/23
IN526,ITM00567,Malwa Manufacturing Unit,13.12,8/26/23
IN392,ITM00289,Malwa Manufacturing Unit,12.7,8/26/23
IN453,ITM00909,Malwa Manufacturing Unit,15.23,8/26/23
IN853,ITM00888,Malwa Manufacturing Unit,14.67,8/26/23
IN244,ITM00423,Malwa Manufacturing Unit,11.18,8/26/23
IN517,ITM00227,Malwa Manufacturing Unit,250.16,8/31/23
IN103,ITM00227,Malwa Warehouse,320.56,8/31/23
IN176,ITM00228,Malwa Manufacturing Unit,15.16,8/31/23
IN741,ITM00122,Malwa Manufacturing Unit,780.43,8/31/23
IN180,ITM00122,Malwa Warehouse,820.77,8/31/23
IN484,ITM00128,Malwa Manufacturing Unit,12.78,8/31/23
IN514,ITM00368,Malwa Manufacturing Unit,1800,8/19/23
IN116,ITM00378,Malwa Manufacturing Unit,15.28,8/19/23
IN353,ITM00349,Malwa Manufacturing Unit,14.66,8/19/23
IN862,ITM00356,Malwa Manufacturing Unit,52.16,8/19/23
IN663,ITM00434,Malwa Manufacturing Unit,340.88,8/19/23
IN188,ITM00105,Malwa Manufacturing Unit,4598.3,8/26/23
IN259,ITM00105,Malwa Warehouse,5100.78,8/26/23
IN536,ITM00111,Malwa Manufacturing Unit,61.16,8/26/23
IN203,ITM00777,Malwa Manufacturing Unit,4300.18,8/26/23
IN753,ITM00777,Malwa Warehouse,6700.55,8/26/23
IN666,ITM00442,Malwa Manufacturing Unit,5900,8/26/23
IN569,ITM00885,Malwa Manufacturing Unit,456,8/26/23
IN221,ITM00716,Malwa Manufacturing Unit,560,8/26/23
IN324,ITM00900,Malwa Manufacturing Unit,120,8/26/23
IN505,ITM00100,Malwa Manufacturing Unit,320,8/26/23
IN976,ITM00348,Malwa Manufacturing Unit,450,8/26/23
IN870,ITM00700,Malwa Manufacturing Unit,456,8/26/23