Product_ID,Product_Name,Product_Category,Unit_Price
CA101,Kharbuz Candy,Flavoured Candy,0.2
CA102,Loveheart Candy,Flavoured Candy,0.29
CA201,Kacha Mango,Flavoured Candy,0.18
CA203,Mango Big,Flavoured Candy,0.36
SC208,Mango Barfi,Sweet Candy,0.41
LS500,Whistle Lollipop,Lollipop Stick,0.44
CA410,Green Apple Candy,Flavoured Candy,0.35
CA611,Kacchi Keri,Flavoured Candy,0.32
CA701,Pan Gulabi,Flavoured Candy,0.4
RJ808,Malwa Rabdi Masti,Rabdi sticks,0.45
TJ901,Choco Candy,Toffee,0.42
TJ905,Rich Rose Toffee,Toffee,0.45
TJ923,Badam Butter,Toffee,0.37
TJ955,Coconut Milk,Toffee,0.35
TJ943,Eclairs Gold,Toffee,0.32
CA205,Orange Candy,Flavoured Candy,0.23
TJ922,Kesar Butter,Toffee,0.4
TJ980,Butter Coconut,Toffee,0.21
CA211,PUSH Candy,Flavoured Candy,0.35
TJ911,Melody Toffee,Toffee,0.45