Shipping_Company_code,Ship_to_locations
SP00327,Rajasthan
SP00327,Maharashtra
SP00830,Pan India
SP00222,Uttar Pradesh
SP00222,Madhya Pradesh
SP00286,Gujarat
SP00286,Maharashtra
SP00195,Rajasthan
SP00195,Uttar Pradesh
SP00676,Madhya Pradesh
SP00545,Gujarat
SP00523,Uttar Pradesh
SP00523,Madhya Pradesh
SP00621,Pan India
SP00606,Pan India
SP00412,Pan India
SP00467,Madhya Pradesh
SP00200,Uttar Pradesh
SP00200,Madhya Pradesh
SP00113,Uttar Pradesh
SP00113,Madhya Pradesh
SP00980,Madhya Pradesh
SP00955,Madhya Pradesh
SP00555,Madhya Pradesh
SP00478,Madhya Pradesh
SP00708,Gujarat
SP00708,Maharashtra
SP00654,Rajasthan
SP00654,Uttar Pradesh