Material_Code,Supplier_ID
ITM00550,MWV00192
ITM00974,MWV00192
ITM00197,MWV00649
ITM00726,MWV00649
ITM00344,MWV00649
ITM00566,MWV00649
ITM00772,MWV00220
ITM00452,MWV00220
ITM00668,MWV00548
ITM00453,MWV00548
ITM00125,MWV00539
ITM00569,MWV00830
ITM00820,MWV00490
ITM00859,MWV00490
ITM00505,MWV00884
ITM00843,MWV00100
ITM00986,MWV00548
ITM00650,MWV00884
ITM00209,MWV00548
ITM00217,MWV00222
ITM00389,MWV00664
ITM00553,MWV00100
ITM00620,MWV00429
ITM00701,MWV00429
ITM00230,MWV00539
ITM00347,MWV00376
ITM00245,MWV00376
ITM00567,MWV00376
ITM00289,MWV00908
ITM00909,MWV00908
ITM00888,MWV00908
ITM00423,MWV00819
ITM00227,MWV00298
ITM00228,MWV00490
ITM00122,MWV00220
ITM00128,MWV00490
ITM00368,MWV00930
ITM00378,MWV00429
ITM00349,MWV00819
ITM00356,MWV00539
ITM00434,MWV00152
ITM00105,MWV00152
ITM00111,MWV00429
ITM00777,MWV00298
ITM00442,MWV00930
ITM00885,MWV00797
ITM00716,MWV00764
ITM00900,MWV00764
ITM00100,MWV00895
ITM00348,MWV00588
ITM00700,MWV00351
ITM00550,MWV00152
ITM00974,MWV00152
ITM00344,MWV00649
ITM00344,MWV00548
ITM00553,MWV00100
ITM00668,MWV00819
ITM00122,MWV00298
ITM00650,MWV00152
ITM00777,MWV00539