Product_ID,Material_Code
CA101,ITM00550
CA101,ITM00974
CA101,ITM00197
CA101,ITM00452
CA101,ITM00245
CA102,ITM00550
CA102,ITM00974
CA102,ITM00197
CA102,ITM00701
CA102,ITM00347
CA201,ITM00550
CA201,ITM00974
CA201,ITM00245
CA201,ITM00228
CA201,ITM00122
CA203,ITM00550
CA203,ITM00974
CA203,ITM00289
CA203,ITM00128
CA203,ITM00453
SC208,ITM00128
SC208,ITM00550
SC208,ITM00974
SC208,ITM00344
SC208,ITM00566
SC208,ITM00289
SC208,ITM00227
LS500,ITM00378
LS500,ITM00368
LS500,ITM00550
LS500,ITM00974
LS500,ITM00289
CA410,ITM00550
CA410,ITM00974
CA410,ITM00245
CA410,ITM00349
CA410,ITM00122
CA611,ITM00550
CA611,ITM00974
CA611,ITM00245
CA611,ITM00228
CA611,ITM00122
CA701,ITM00550
CA701,ITM00974
CA701,ITM00347
CA701,ITM00356
CA701,ITM00434
RJ808,ITM00550
RJ808,ITM00974
RJ808,ITM00197
RJ808,ITM00344
RJ808,ITM00105
RJ808,ITM00111
RJ808,ITM00888
TJ901,ITM00726
TJ901,ITM00125
TJ901,ITM00550
TJ901,ITM00974
TJ901,ITM00197
TJ901,ITM00777
TJ905,ITM00566
TJ905,ITM00701
TJ905,ITM00347
TJ905,ITM00197
TJ905,ITM00550
TJ905,ITM00974
TJ905,ITM00227
TJ923,ITM00566
TJ923,ITM00820
TJ923,ITM00859
TJ923,ITM00197
TJ923,ITM00227
TJ923,ITM00550
TJ923,ITM00974
TJ955,ITM00566
TJ955,ITM00986
TJ955,ITM00197
TJ955,ITM00227
TJ955,ITM00550
TJ955,ITM00974
TJ955,ITM00888
TJ943,ITM00726
TJ943,ITM00125
TJ943,ITM00550
TJ943,ITM00974
TJ943,ITM00197
TJ943,ITM00227
TJ943,ITM00777
CA205,ITM00909
CA205,ITM00453
CA205,ITM00550
CA205,ITM00974
TJ922,ITM00566
TJ922,ITM00197
TJ922,ITM00227
TJ922,ITM00550
TJ922,ITM00974
TJ922,ITM00620
TJ980,ITM00843
TJ980,ITM00550
TJ980,ITM00974
TJ980,ITM00227
CA211,ITM00974
CA211,ITM00772
CA211,ITM00668
CA211,ITM00505
CA211,ITM00245
CA211,ITM00550
TJ911,ITM00550
TJ911,ITM00974
TJ911,ITM00197
TJ911,ITM00726
TJ911,ITM00777