Material_Code,Material_Name,Material_type,Stock_out_level,Qty_unit
ITM00550,Sugar,non-perishable,25000.00,kg
ITM00974,Glucose,non-perishable,20000.00,kg
ITM00197,Milk Powder,perishable,20000.00,kg
ITM00726,Chocolate Pwd,non-perishable,10000.00,kg
ITM00344,Ghee,perishable,25000.00,kg
ITM00566,Clarified Butter,perishable,25000.00,kg
ITM00772,black pepper,perishable,10000.00,kg
ITM00452,Black imli,perishable,15000.00,kg
ITM00668,rock salt,non-perishable,80000.00,kg
ITM00453,citric anhydrous,non-perishable,25000.00,kg
ITM00125,chocolate flavor,non-perishable,50.00,ltr
ITM00569,plastic sheet,non-perishable,10000.00,kg
ITM00820,badam extract,perishable,50.00,ltr
ITM00859,brown color,perishable,4.00,ltr
ITM00505,vegetable oil,perishable,250.00,ltr
ITM00843,khopra,perishable,3000.00,kg
ITM00986,dececated coconut,perishable,3000.00,kg
ITM00650,gems,perishable,4000.00,kg
ITM00209,pins,non-perishable,400.00,kg
ITM00217,toys,non-perishable,1000.00,kg
ITM00389,stickers,non-perishable,1000.00,pckts
ITM00553,khajur,perishable,2000.00,kg
ITM00620,vanilla essence,perishable,10.00,ltr
ITM00701,rose extract,perishable,15.00,ltr
ITM00230,pineapple flavour,perishable,15.00,ltr
ITM00347,rose color,perishable,10.00,ltr
ITM00245,green color,perishable,20.00,ltr
ITM00567,pink additive,perishable,10.00,ltr
ITM00289,yellow color,perishable,10.00,ltr
ITM00909,orange additive,perishable,10.00,ltr
ITM00888,white color,perishable,10.00,ltr
ITM00423,indigo blue color,perishable,10.00,ltr
ITM00227,gelatin,perishable,500.00,ltr
ITM00228,raw mango flavour,perishable,10.00,ltr
ITM00122,Lactic Acid,non-perishable,1000.00,ltr
ITM00128,Mango Flavour,perishable,15.00,ltr
ITM00368,Sticks,non-perishable,1500.00,pckts
ITM00378,Fruit Extract,perishable,10.00,ltr
ITM00349,Green Apple extract,perishable,10.00,ltr
ITM00356,Pan flavour,perishable,50.00,ltr
ITM00434,Rose Petal powder,perishable,150.00,kg
ITM00105,White Chocolate,perishable,3000.00,kg
ITM00111,Rabdi flavour,perishable,20.00,ltr
ITM00777,liquid chocolate,perishable,4000.00,ltr
ITM00442,firewood,non-perishable,2500.00,kg
ITM00885,cardboard boxes,perishable,100.00,kg
ITM00716,glass jars,perishable,100.00,kg
ITM00900,zip lock bags,non-perishable,50.00,kg
ITM00100,printed logo labels,non-perishable,200.00,pckts
ITM00348,price labels,non-perishable,300.00,pckts
ITM00700,tin jars,non-perishable,250.00,kg